url,imgUrl,order,shortHead
./work/graphwebgl/example/basic/index.html,graphgl,,WebGL/Three.js 2D Graph Visualization + Layout + Model
./work/clusterlens,clusterlens,,ClusterLens
./work/similarityClustering,simclustering,,Similarity and Clustering - Canvas
./work/darling,darling,,Darling Cartogram
./work/voronoi/app.html,vor-app,,Voronoi for Multi-Dimensional Vis
./work/force,force-app,,Bubble for Multi-Dimensional Mapping
./work/traj,traj-app,,Trajectory Viz App
./work/mds/mdspixel.html,mds,,Multi-Dimensional Scaling
./work/nlgraph/nlgraph_example.html,nlgraph-1,,Node-Link Graph Library
./work/rose/rose.html,rose,,Rose Graph
